{
    "satisfaction_growth": [
        0,
        1.0,
        2.0,
        3.0,
        3.34,
        3.6799999999999997,
        3.6799999999999997,
        3.6799999999999997,
        3.6799999999999997,
        4.68,
        5.02,
        5.359999999999999,
        6.359999999999999,
        7.359999999999999,
        7.359999999999999,
        8.36,
        8.36,
        8.7,
        9.04,
        9.04,
        9.379999999999999,
        10.379999999999999,
        10.719999999999999,
        11.059999999999999,
        11.399999999999999,
        11.739999999999998,
        11.739999999999998,
        12.406666666666665,
        13.406666666666665,
        13.406666666666665,
        14.406666666666665,
        14.746666666666664,
        14.746666666666664,
        14.746666666666664,
        15.746666666666664,
        16.086666666666666,
        16.086666666666666,
        16.086666666666666,
        16.086666666666666,
        16.086666666666666,
        16.086666666666666,
        16.426666666666666,
        16.766666666666666,
        16.766666666666666,
        16.766666666666666,
        17.106666666666666,
        18.106666666666666,
        19.106666666666666,
        20.106666666666666,
        21.106666666666666,
        21.106666666666666
    ],
    "reasoning_count_growth": [
        0,
        1,
        2,
        4,
        5,
        7,
        8,
        9,
        10,
        11,
        13,
        15,
        16,
        17,
        18,
        19,
        20,
        22,
        24,
        26,
        28,
        29,
        31,
        33,
        35,
        37,
        38,
        39,
        40,
        41,
        42,
        44,
        45,
        46,
        47,
        49,
        50,
        51,
        52,
        53,
        54,
        56,
        58,
        59,
        61,
        63,
        64,
        65,
        66,
        67,
        68
    ],
    "learning_count_growth": [
        0,
        0,
        0,
        1,
        1,
        2,
        2,
        2,
        2,
        2,
        4,
        5,
        5,
        5,
        5,
        5,
        5,
        6,
        7,
        8,
        10,
        10,
        11,
        12,
        13,
        14,
        14,
        14,
        14,
        14,
        15,
        16,
        16,
        16,
        16,
        17,
        17,
        17,
        17,
        17,
        18,
        19,
        20,
        20,
        21,
        22,
        22,
        22,
        22,
        22,
        23
    ],
    "asking_count_growth": [
        0,
        0,
        0,
        0,
        1,
        2,
        3,
        4,
        5,
        5,
        6,
        7,
        7,
        7,
        8,
        8,
        9,
        10,
        11,
        12,
        13,
        13,
        14,
        15,
        16,
        17,
        18,
        18,
        18,
        19,
        19,
        20,
        21,
        22,
        22,
        23,
        24,
        25,
        26,
        27,
        28,
        29,
        30,
        31,
        32,
        33,
        33,
        33,
        33,
        33,
        34
    ],
    "exec_time": [
        0,
        1.7564074993133545,
        1.5032200813293457,
        11.519160032272339,
        1.8749980926513672,
        10.081424236297607,
        1.6281263828277588,
        1.6109976768493652,
        1.620285987854004,
        1.5509991645812988,
        23.513732194900513,
        14.842708826065063,
        1.5426909923553467,
        1.5652928352355957,
        1.5572528839111328,
        1.5496814250946045,
        1.5470199584960938,
        23.287694931030273,
        20.678828716278076,
        20.80786967277527,
        43.247010231018066,
        1.5829870700836182,
        23.11801314353943,
        23.443106412887573,
        23.39142656326294,
        22.120267868041992,
        1.805997371673584,
        1.8137946128845215,
        1.6719465255737305,
        1.6464123725891113,
        19.889758348464966,
        22.621147871017456,
        1.6448750495910645,
        1.6355340480804443,
        1.6304402351379395,
        19.494394779205322,
        1.6415486335754395,
        1.6632440090179443,
        1.7156398296356201,
        1.797267198562622,
        24.524949550628662,
        26.49488592147827,
        29.446674823760986,
        1.7319791316986084,
        28.304301023483276,
        33.452075719833374,
        1.9478676319122314,
        1.7996344566345215,
        1.7498998641967773,
        1.8659913539886475,
        32.9379985332489
    ],
    "rules_num": [
        0,
        15,
        16,
        21,
        22,
        22,
        26,
        27,
        28,
        29,
        30,
        30,
        31,
        32,
        33,
        38,
        38,
        41,
        49,
        49,
        50,
        51,
        52,
        54
    ],
    "average_rule_body_length": [
        0,
        3.2666666666666666,
        3.25,
        3.4761904761904763,
        3.4545454545454546,
        3.4545454545454546,
        4.576923076923077,
        4.592592592592593,
        4.5,
        4.482758620689655,
        4.933333333333334,
        4.933333333333334,
        4.387096774193548,
        4.34375,
        4.303030303030303,
        4.7105263157894735,
        4.7105263157894735,
        4.682926829268292,
        4.326530612244898,
        4.326530612244898,
        4.36,
        4.1568627450980395,
        4.173076923076923,
        4.166666666666667
    ]
}